{"0.9441586744144757":{"user_id":3},"0.30049867835606237":{"user_id":3}}